{
  "classification_report": {
    "0": {
      "f1-score": 0.939203354297694,
      "precision": 0.9411764705882353,
      "recall": 0.9372384937238494,
      "support": 239.0
    },
    "1": {
      "f1-score": 0.9595536959553695,
      "precision": 0.958217270194986,
      "recall": 0.9608938547486033,
      "support": 358.0
    },
    "accuracy": 0.9514237855946399,
    "macro avg": {
      "f1-score": 0.9493785251265318,
      "precision": 0.9496968703916107,
      "recall": 0.9490661742362263,
      "support": 597.0
    },
    "weighted avg": {
      "f1-score": 0.9514067417574057,
      "precision": 0.9513952415416972,
      "recall": 0.9514237855946399,
      "support": 597.0
    }
  },
  "confusion_matrix": [
    [
      224,
      15
    ],
    [
      14,
      344
    ]
  ],
  "feature_set": "live-video",
  "features_count": 24,
  "random_state": 42,
  "rows_labeled": 2981,
  "rows_total": 10121,
  "test_size": 0.2
}